{"root_folder": "/Users/tmaire/Documents/BuzzWatch_analysis/ANALYZED/buzzwatch_paper_reproducible_analysis/experiments_data_lists", "num_experiments": "1", "experiments": [{"path": "221216_KPP/Cage01_KPP", "alias": "Cage01_KPP", "group": "KPP", "category": "all_data", "start_date": "2022-12-17", "end_date": "2023-01-17"}], "num_groups": "1", "groups": [{"alias": "KPP", "color": "tab:blue", "marker": "o"}], "num_categories": "1", "categories": [{"alias": "all_data", "color": "tab:blue", "marker": "o"}]}