{
    "root_folder": "/Users/tmaire/Documents/BuzzWatch_analysis/ANALYZED/buzzwatch_paper_reproducible_analysis/experiments_data_lists",
    "num_experiments": "8",
    "experiments": [
        {
            "path": "230419_RAB_CAY_GUA_KED/Cage01_RAB",
            "alias": "Cage01_RAB_1",
            "group": "RAB",
            "category": "Ae_aegypti_formosus",
            "start_date": "2023-05-01",
            "end_date": "2023-05-10"
        },
        {
            "path": "230704_KPP_KUM/Cage02_KUM_1",
            "alias": "Cage02_KUM_1",
            "group": "KUM",
            "category": "Ae_aegypti_formosus",
            "start_date": "2023-07-14",
            "end_date": "2023-07-23"
        },
        {
            "path": "230704_KPP_KUM/Cage03_KUM_2",
            "alias": "Cage03_KUM_2",
            "group": "KUM",
            "category": "Ae_aegypti_formosus",
            "start_date": "2023-07-14",
            "end_date": "2023-07-23"
        },
        {
            "path": "230804_RAB_PHN_ABP_AGP/Cage01_RAB",
            "alias": "Cage01_RAB_2",
            "group": "RAB",
            "category": "Ae_aegypti_formosus",
            "start_date": "2023-08-06",
            "end_date": "2023-08-15"
        },
        {
            "path": "230921_KUM_KPP_RAB_PHN/Cage01_KUM",
            "alias": "Cage01_KUM_2",
            "group": "KUM",
            "category": "Ae_aegypti_formosus",
            "start_date": "2023-09-24",
            "end_date": "2023-10-03"
        },
        {
            "path": "230921_KUM_KPP_RAB_PHN/Cage03_RAB",
            "alias": "Cage03_RAB",
            "group": "RAB",
            "category": "Ae_aegypti_formosus",
            "start_date": "2023-09-24",
            "end_date": "2023-10-03"
        },
        {
            "path": "230224_RAB_KUM/Cage01_KUM",
            "alias": "Cage01_KUM_3",
            "group": "KUM",
            "category": "Ae_aegypti_formosus",
            "start_date": "2023-03-02",
            "end_date": "2023-03-11"
        },
        {
            "path": "230224_RAB_KUM/Cage02_RAB",
            "alias": "Cage02_RAB_1",
            "group": "RAB",
            "category": "Ae_aegypti_formosus",
            "start_date": "2023-03-02",
            "end_date": "2023-03-11"
        }
    ],
    "num_groups": "2",
    "groups": [
        {"alias": "RAB", "color": "tab:green", "marker": "o"},
        {"alias": "KUM", "color": "tab:orange", "marker": "o"}
      ],
    "num_categories": "1",
    "categories": [
        {"alias": "Ae_aegypti_formosus", "color": "tab:orange", "marker": "o"}
      ]
}