{"root_folder": "/Users/tmaire/Documents/BuzzWatch_analysis/ANALYZED/buzzwatch_paper_reproducible_analysis", "num_experiments": "4", "experiments": [{"path": "experiments_data_lists/230829_KPP_BloodFeeding/Cage01_KPP_3", "alias": "Cage01_KPP_3", "group": "1_Blood_feeding", "category": "all_data", "start_date": "2023-09-07", "end_date": "2023-09-17"}, {"path": "experiments_data_lists/230829_KPP_BloodFeeding/Cage02_KPP_4", "alias": "Cage02_KPP_4", "group": "0_Control", "category": "all_data", "start_date": "2023-09-07", "end_date": "2023-09-17"}, {"path": "experiments_data_lists/230829_KPP_BloodFeeding/Cage03_KPP_2", "alias": "Cage03_KPP_2", "group": "0_Control", "category": "all_data", "start_date": "2023-09-07", "end_date": "2023-09-17"}, {"path": "experiments_data_lists/230829_KPP_BloodFeeding/Cage04_KPP_1", "alias": "Cage04_KPP_1", "group": "1_Blood_feeding", "category": "all_data", "start_date": "2023-09-07", "end_date": "2023-09-17"}], "num_groups": "2", "groups": [{"alias": "1_Blood_feeding", "color": "tab:red", "marker": "o"}, {"alias": "0_Control", "color": "tab:blue", "marker": "o"}], "num_categories": "1", "categories": [{"alias": "all_data", "color": "tab:orange", "marker": "o"}]}