{"root_folder": "/Users/tmaire/Documents/BuzzWatch_analysis/ANALYZED/buzzwatch_paper_reproducible_analysis/experiments_data_lists", "num_experiments": "4", "experiments": [{"path": "231015_DayLength_change/Cage01_KPP_1", "alias": "Cage01_before", "group": "12D_12L", "category": "all_data", "start_date": "2023-10-18", "end_date": "2023-10-27"}, {"path": "231015_DayLength_change/Cage01_KPP_1", "alias": "Cage01_after", "group": "20L_4D", "category": "all_data", "start_date": "2023-10-28", "end_date": "2023-11-06"}, {"path": "231015_DayLength_change/Cage04_KPP_4", "alias": "Cage02_before", "group": "12D_12L", "category": "all_data", "start_date": "2023-10-18", "end_date": "2023-10-27"}, {"path": "231015_DayLength_change/Cage04_KPP_4", "alias": "Cage02_after", "group": "20L_4D", "category": "all_data", "start_date": "2023-10-28", "end_date": "2023-11-06"}], "num_groups": "2", "groups": [{"alias": "12L_12D", "color": "tab:blue", "marker": "o"}, {"alias": "20L_4D", "color": "tab:orange", "marker": "o"}], "num_categories": "1", "categories": [{"alias": "all_data", "color": "tab:blue", "marker": "."}]}